Workbook

Sheet 📋 Registro de Requerimientos
A1: CONTROL DE REQUERIMIENTOS
A2: Grupo 5 – Procedimiento de Solicitudes de Servicio TI v2
A3: IDENTIFICACIÓN DEL TICKET | G3: DATOS DEL SOLICITANTE | J3: CLASIFICACIÓN | M3: ASIGNACIÓN Y SEGUIMIENTO | P3: TIEMPOS (para KPIs) | S3: CIERRE Y RESULTADO
A4: N° Ticket | B4: Fecha de Recepción | C4: Hora de Recepción | D4: Código de Requerimiento | E4: Nombre de la solicitud | F4: Max. horas de Respuesta | G4: Nombre del Solicitante | H4: Correo Electrónico | I4: Teléfono / Contacto | J4: Tipo de Solicitud | K4: Descripción del Requerimiento | L4: Prioridad | M4: Área Responsable | N4: Nombre del Responsable | O4: Estado del Ticket | P4: Fecha/Hora Asignación | Q4: Fecha/Hora Cierre | R4: Tiempo de Atención (h) | S4: SLA Máx. (h) | T4: ¿Dentro de SLA? | U4: Requirió Cotización | V4: Observaciones / Resolución
A5: TKT-001 | B5: 02/06/2026 | C5: 09:15 | D5: REQ-SEC-02 | E5: =VLOOKUP(D5,'📖 Instrucciones'!$D$3:$E$12,2,FALSE) -> Blanqueo / Reseteo de Contraseñas | F5: =VLOOKUP(D5,'📖 Instrucciones'!$D$3:$F$12,3,FALSE) -> 24 | G5: María López | H5: mlopez@dragonDorado.com | I5: 999-111-222 | J5: Soporte Técnico | K5: Error al imprimir tickets de pedidos en el módulo de cocina. | L5: Alta | M5: Soporte Técnico | N5: Renzo Yauri | O5: Cerrado | P5: =B5+C5 -> 46175.385 | Q5: 02/06/2026 11:45 | R5: =Q5-P5 -> 0.10416667 | S5: =F5 -> 24 | T5: =IF(R5="","",IF(R5<=S5,"SÍ","NO")) -> SÍ | U5: No | V5: Se reinició el servicio de impresión y se actualizó el driver.
A6: TKT-002 | B6: 02/06/2026 | C6: 10:05 | D6: REQ-VTA-01 | E6: =VLOOKUP(D6,'📖 Instrucciones'!$D$3:$E$12,2,FALSE) -> Cotización para Implementación de Nuevos Módulos o Integraciones | F6: =VLOOKUP(D6,'📖 Instrucciones'!$D$3:$F$12,3,FALSE) -> 48 | G6: Carlos Pérez | H6: cperez@dragonDorado.com | I6: 999-333-444 | J6: Nueva Implementación | K6: Solicitud de módulo de reservas en línea para la sede norte. | L6: Media | M6: Ventas | N6: Angel Salguero | O6: En Proceso | P6: =B6+C6 -> 46175.42 | S6: =F6 -> 48 | T6: =IF(R6="","En proceso",IF(R6<=S6,"SÍ","NO")) -> En proceso | U6: Sí | V6: Cotización enviada al cliente el 02/06/2026.
A7: TKT-003 | B7: 01/06/2026 | C7: 14:30 | D7: REQ-OPS-03 | E7: =VLOOKUP(D7,'📖 Instrucciones'!$D$3:$E$12,2,FALSE) -> Fallas Críticas | F7: =VLOOKUP(D7,'📖 Instrucciones'!$D$3:$F$12,3,FALSE) -> 4 | G7: Lucía Torres | H7: ltorres@dragonDorado.com | I7: 999-555-666 | J7: Soporte Técnico | K7: Pantalla de toma de pedidos se congela al seleccionar más de 5 ítems. | L7: Alta | M7: Soporte Técnico | N7: Janeth Peves | O7: Cerrado | P7: =B7+C7 -> 46174.604 | Q7: 02/06/2026 08:20 | R7: =Q7-P7 -> 0.74305556 | S7: =F7 -> 4 | T7: =IF(R7="","",IF(R7<=S7,"SÍ","NO")) -> SÍ | U7: No | V7: Se identificó bug en la validación de ítems. Parche aplicado.
A8: TKT-004 | B8: 01/06/2026 | C8: 11:00 | D8: REQ-VTA-02 | E8: =VLOOKUP(D8,'📖 Instrucciones'!$D$3:$E$12,2,FALSE) -> Cotización de Despliegue e Interconexión de Nuevas Sucursales | F8: =VLOOKUP(D8,'📖 Instrucciones'!$D$3:$F$12,3,FALSE) -> 120 | G8: Pedro Gómez | H8: pgomez@dragonDorado.com | I8: 999-777-888 | J8: Nueva Implementación | K8: Integración con sistema de delivery externo (Rappi). | L8: Media | M8: Ventas | N8: Lucila Gálvez | O8: Cerrado | P8: =B8+C8 -> 46174.458 | Q8: 02/06/2026 09:00 | R8: 21.75 | S8: =F8 -> 120 | T8: =IF(R8="","",IF(R8<=S8,"SÍ","NO")) -> SÍ | U8: Sí | V8: Cotización aprobada. Desarrollo programado para siguiente sprint.
A9: TKT-005 | B9: 31/05/2026 | C9: 16:00 | D9: REQ-INF-02 | E9: =VLOOKUP(D9,'📖 Instrucciones'!$D$3:$E$12,2,FALSE) -> Extracción y Consolidación de Reportes Especiales | F9: =VLOOKUP(D9,'📖 Instrucciones'!$D$3:$F$12,3,FALSE) -> 24 | G9: Ana Ruiz | H9: aruiz@dragonDorado.com | I9: 999-999-000 | J9: Soporte Técnico | K9: No se generan reportes de ventas diarias en el módulo gerencial. | L9: Alta | M9: Soporte Técnico | N9: Anderson Burga | O9: Cerrado | P9: =B9+C9 -> 46173.667 | Q9: 01/06/2026 14:00 | R9: 21.83 | S9: =F9 -> 24 | T9: =IF(R9="","",IF(R9<=S9,"SÍ","NO")) -> SÍ | U9: No | V9: Reporte corregido; problema era en el filtro de fechas.
E10: =VLOOKUP(D10,'📖 Instrucciones'!$D$3:$E$12,2,FALSE) -> #N/A | F10: =VLOOKUP(D10,'📖 Instrucciones'!$D$3:$F$12,3,FALSE) -> #N/A | S10: =F10 -> #N/A | T10: =IF(R10="","",IF(R10<=S10,"SÍ","NO"))
E11: =VLOOKUP(D11,'📖 Instrucciones'!$D$3:$E$12,2,FALSE) -> #N/A | F11: =VLOOKUP(D11,'📖 Instrucciones'!$D$3:$F$12,3,FALSE) -> #N/A | S11: =F11 -> #N/A | T11: =IF(R11="","",IF(R11<=S11,"SÍ","NO"))
E12: =VLOOKUP(D12,'📖 Instrucciones'!$D$3:$E$12,2,FALSE) -> #N/A | F12: =VLOOKUP(D12,'📖 Instrucciones'!$D$3:$F$12,3,FALSE) -> #N/A | S12: =F12 -> #N/A | T12: =IF(R12="","",IF(R12<=S12,"SÍ","NO"))
E13: =VLOOKUP(D13,'📖 Instrucciones'!$D$3:$E$12,2,FALSE) -> #N/A | F13: =VLOOKUP(D13,'📖 Instrucciones'!$D$3:$F$12,3,FALSE) -> #N/A | S13: =F13 -> #N/A | T13: =IF(R13="","",IF(R13<=S13,"SÍ","NO"))
E14: =VLOOKUP(D14,'📖 Instrucciones'!$D$3:$E$12,2,FALSE) -> #N/A | F14: =VLOOKUP(D14,'📖 Instrucciones'!$D$3:$F$12,3,FALSE) -> #N/A | S14: =F14 -> #N/A | T14: =IF(R14="","",IF(R14<=S14,"SÍ","NO"))
E15: =VLOOKUP(D15,'📖 Instrucciones'!$D$3:$E$12,2,FALSE) -> #N/A | F15: =VLOOKUP(D15,'📖 Instrucciones'!$D$3:$F$12,3,FALSE) -> #N/A | S15: =F15 -> #N/A | T15: =IF(R15="","",IF(R15<=S15,"SÍ","NO"))
E16: =VLOOKUP(D16,'📖 Instrucciones'!$D$3:$E$12,2,FALSE) -> #N/A | F16: =VLOOKUP(D16,'📖 Instrucciones'!$D$3:$F$12,3,FALSE) -> #N/A | S16: =F16 -> #N/A | T16: =IF(R16="","",IF(R16<=S16,"SÍ","NO"))
E17: =VLOOKUP(D17,'📖 Instrucciones'!$D$3:$E$12,2,FALSE) -> #N/A | F17: =VLOOKUP(D17,'📖 Instrucciones'!$D$3:$F$12,3,FALSE) -> #N/A | S17: =F17 -> #N/A | T17: =IF(R17="","",IF(R17<=S17,"SÍ","NO"))
S18: =F18 -> 0 | T18: =IF(R18="","",IF(R18<=S18,"SÍ","NO"))
S19: =F19 -> 0 | T19: =IF(R19="","",IF(R19<=S19,"SÍ","NO"))
S20: =F20 -> 0 | T20: =IF(R20="","",IF(R20<=S20,"SÍ","NO"))
S21: =F21 -> 0 | T21: =IF(R21="","",IF(R21<=S21,"SÍ","NO"))
S22: =F22 -> 0 | T22: =IF(R22="","",IF(R22<=S22,"SÍ","NO"))
S23: =F23 -> 0 | T23: =IF(R23="","",IF(R23<=S23,"SÍ","NO"))
S24: =F24 -> 0 | T24: =IF(R24="","",IF(R24<=S24,"SÍ","NO"))
S25: =F25 -> 0 | T25: =IF(R25="","",IF(R25<=S25,"SÍ","NO"))
S26: =F26 -> 0 | T26: =IF(R26="","",IF(R26<=S26,"SÍ","NO"))
S27: =F27 -> 0 | T27: =IF(R27="","",IF(R27<=S27,"SÍ","NO"))
S28: =F28 -> 0 | T28: =IF(R28="","",IF(R28<=S28,"SÍ","NO"))
S29: =F29 -> 0 | T29: =IF(R29="","",IF(R29<=S29,"SÍ","NO"))
... S54: =F54 -> 0 | T54: =IF(R54="","",IF(R54<=S54,"SÍ","NO"))

Sheet 📊 Dashboard KPIs
A1: DASHBOARD DE KPIs – SOLICITUDES TI
A2: Indicadores de eficiencia calculados automáticamente desde el Registro de Requerimientos
B4: KPI 1 | % Cumplimiento de SLA
B5: =IFERROR(COUNTIF('📋 Registro de Requerimientos'!T5:T54,"SÍ")/COUNTIF('📋 Registro de Requerimientos'!O5:O54,"Cerrado")*100,0) -> 100 | E5: Meta: ≥ 90% | H5: (Tickets cerrados dentro del plazo / Total tickets cerrados) × 100
E7: =IF(B5>=90,"# Cumple","🔴 Por debajo") -> # Cumple
B11: KPI 2 | Tiempo Promedio de Asignación
B12: =IFERROR(AVERAGEIF('📋 Registro de Requerimientos'!J5:J54,"<>Consulta Simple",'📋 Registro de Requerimientos'!R5:R54),0) -> 11.106806 | E12: Meta: ≤ 0.5 h | H12: Promedio de horas transcurridas entre recepción y asignación del ticket
E14: =IF(B12<=0.5,"🟢 Cumple","🔴 Por debajo") -> 🔴 Por debajo
B18: KPI 3 | Tasa de Conversión – Nuevas Implementaciones
B19: =IFERROR(COUNTIFS('📋 Registro de Requerimientos'!J5:J54,"Nueva Implementación",'📋 Registro de Requerimientos'!O5:O54,"Cerrado")/COUNTIF('📋 Registro de Requerimientos'!J5:J54,"Nueva Implementación")*100,0) -> 50 | E19: Meta: ≥ 60% | H19: (Solicitudes de implementación aprobadas / Total derivadas a ventas) × 100
E21: =IF(B19>=60,"🟢 Cumple","🔴 Por debajo") -> 🔴 Por debajo
B26: RESUMEN EJECUTIVO DEL PERÍODO
B27: Métrica | C27: Valor | D27: Referencia
B28: Total de tickets registrados | C28: =COUNTA('📋 Registro de Requerimientos'!A5:A54) -> 5 | D28: Todos los tipos
B29: Tickets cerrados | C29: =COUNTIF('📋 Registro de Requerimientos'!O5:O54,"Cerrado") -> 4 | D29: Estado = Cerrado
B30: Tickets en proceso | C30: =COUNTIF('📋 Registro de Requerimientos'!O5:O54,"En Proceso") -> 1 | D30: Estado = En Proceso
B31: Tickets abiertos | C31: =COUNTIF('📋 Registro de Requerimientos'!O5:O54,"Abierto") -> 0 | D31: Estado = Abierto
B32: Tickets de Soporte Técnico | C32: =COUNTIF('📋 Registro de Requerimientos'!J5:J54,"Soporte Técnico") -> 3 | D32: Tipo
B33: Tickets de Nueva Implementación | C33: =COUNTIF('📋 Registro de Requerimientos'!J5:J54,"Nueva Implementación") -> 2 | D33: Tipo
B34: Tickets que requirieron cotización | C34: =COUNTIF('📋 Registro de Requerimientos'!U5:U54,"Sí") -> 2 | D34: Campo S
B35: SLA incumplidos | C35: =COUNTIF('📋 Registro de Requerimientos'!T5:T54,"NO") -> 0 | D35: Campo R

Sheet 📖 Instrucciones
A1: INSTRUCCIONES DE USO – EXCEL DE REQUERIMIENTOS TI
A3: FLUJO DEL PROCEDIMIENTO | D3: Código | E3: Nombre del Servicio / Requerimiento | F3: Tiempo de Respuesta
A4: Paso 01 | B4: El cliente envía un correo con el detalle de la solicitud. | D4: REQ-SEC-01 | E4: Soporte para Alta, Baja o Modificación de Usuarios | F4: 24
A5: Paso 02 | B5: El Recepcionista evalúa: ¿Consulta simple o requerimiento? | D5: REQ-SEC-02 | E5: Blanqueo / Reseteo de Contraseñas | F5: 24
A6: Paso 03 | B6: Si es consulta simple → responde al instante. FIN. | D6: REQ-OPS-01 | E6: Configuración y Modificación de Parámetros de Salón | F6: 48
A7: Paso 04 | B7: Si es requerimiento → Registrar en esta hoja: Nº ticket correlativo, datos y plazos | D7: REQ-OPS-02 | E7: Soporte en Mantenimiento y Carga de Catálogo/Carta | F7: 48
A8: Paso 05 | B8: Clasificar: ¿Nueva implementación o soporte técnico? | D8: REQ-OPS-03 | E8: Fallas Críticas | F8: 4
A9: Paso 06-08 | B9: Nueva implementación → Derivar a Ventas → Gestionar cotización → Cerrar ticket (columnas K-T). | D9: REQ-INF-01 | E9: Atención de Consultas de Usuario Final | F9: Respuesta Instantánea
A10: Paso 09-12 | B10: Soporte técnico → Derivar a Técnico → Resolver → Si requiere cotización, derivar a Ventas → Cerrar ticket. | D10: REQ-INF-02 | E10: Extracción y Consolidación de Reportes Especiales | F10: 24
D11: REQ-VTA-01 | E11: Cotización para Implementación de Nuevos Módulos o Integraciones | F11: 48
A12: CAMPOS OBLIGATORIOS | D12: REQ-VTA-02 | E12: Cotización de Despliegue e Interconexión de Nuevas Sucursales | F12: =5*24 -> 120
A13: N° Ticket (A) | B13: Número correlativo. Formato recomendado: TKT-001, TKT-002, …
A14: Fecha/Hora Recepción (B/C) | B14: Registrar en el momento en que llega el correo.
A15: Tipo de Solicitud (H) | B15: Seleccionar de la lista: Soporte Técnico | Nueva Implementación | Consulta Simple | Otro
A16: Descripción (I) | B16: Resumen del problema o solicitud reportada por el cliente.
A17: Prioridad (J) | B17: Alta / Media / Baja según urgencia del negocio.
A18: Área Responsable (K) | B18: Se asigna automáticamente al clasificar en el Paso 05.
A19: Nombre del Responsable (L) | B19: Técnico o vendedor que atendió el ticket.
A20: Estado (M) | B20: Actualizar: Abierto → En Proceso → Cerrado.
A21: Fecha/Hora Asignación (N) | B21: Cuando el recepcionista deriva el ticket.
A22: Fecha/Hora Cierre (O) | B22: Cuando el responsable marca el ticket como resuelto.
A23: SLA Máx. (Q) | B23: Se calcula automáticamente: 72h = soporte, 48h = ventas.
A24: ¿Dentro de SLA? (R) | B24: Se calcula automáticamente con color: verde SÍ / rojo NO.
A25: Requirió Cotización (S) | B25: Sí / No – dato clave para el KPI 3.
A27: INDICADORES (Dashboard)
A28: KPI 1 – % Cumplimiento SLA | B28: (Tickets dentro del plazo / Total cerrados) × 100 ── Meta: ≥ 90%
A29: KPI 2 – Tiempo Prom. Asignación | B29: Promedio de horas de atención de tickets de requerimiento ── Meta: ≤ 0.5 h
A30: KPI 3 – Tasa de Conversión | B30: (Implementaciones aprobadas / Total derivadas a ventas) × 100 ── Meta: ≥ 60%
